{"count":1,"self":11.990027999999999,"total":42.828939,"children":{"InitializeActuators":{"count":2,"self":0.0011979999999999998,"total":0.0011979999999999998,"children":null},"InitializeSensors":{"count":2,"self":0.005527,"total":0.005527,"children":null},"AgentSendState":{"count":9334,"self":2.925347,"total":3.4822439999999997,"children":{"CollectObservations":{"count":3732,"self":0.015496999999999999,"total":0.015496999999999999,"children":null},"WriteActionMask":{"count":3732,"self":0.0035719999999999997,"total":0.0035719999999999997,"children":null},"RequestDecision":{"count":3732,"self":0.022684,"total":0.537828,"children":{"AgentInfo.ToProto":{"count":3732,"self":0.015325,"total":0.51514399999999994,"children":{"GenerateSensorData":{"count":3732,"self":0.063751,"total":0.49981899999999996,"children":{"CameraSensor.GetCompressedObservation":{"count":3732,"self":0.43606799999999996,"total":0.43606799999999996,"children":null}}}}}}}}},"DecideAction":{"count":9334,"self":23.9359248,"total":23.935924999999997,"children":null},"AgentAct":{"count":9334,"self":3.0478289999999997,"total":3.327861,"children":{"AgentInfo.ToProto":{"count":1857,"self":0.01218,"total":0.280032,"children":{"GenerateSensorData":{"count":1857,"self":0.028704999999999998,"total":0.267852,"children":{"CameraSensor.GetCompressedObservation":{"count":1857,"self":0.239147,"total":0.239147,"children":null}}}}}}},"AgentInfo.ToProto":{"count":557,"self":0.00343,"total":0.08574699999999999,"children":{"GenerateSensorData":{"count":557,"self":0.012555,"total":0.082317,"children":{"CameraSensor.GetCompressedObservation":{"count":557,"self":0.069761999999999991,"total":0.069761999999999991,"children":null}}}}}},"gauges":{"HeroBrain2.CumulativeReward":{"count":1857,"max":500,"min":95,"runningAverage":499.4666,"value":500,"weightedAverage":499.9578},"HeroBrain.CumulativeReward":{"count":557,"max":-100,"min":-150,"runningAverage":-100.091576,"value":-100,"weightedAverage":-100.000015}},"metadata":{"timer_format_version":"0.1.0","start_time_seconds":"1713935237","unity_version":"2022.3.19f1","command_line_arguments":"\/home\/bob\/Unity\/Hub\/Editor\/2022.3.19f1\/Editor\/Unity -projectpath \/home\/bob\/Uni\/Thesis\/RogueAI-like -useHub -hubIPC -cloudEnvironment production","communication_protocol_version":"1.5.0","com.unity.ml-agents_version":"3.0.0-exp.1","scene_name":"Minimalistic","end_time_seconds":"1713935280"}}