{"count":1,"self":3.4908327999999997,"total":13.401480999999999,"children":{"InitializeActuators":{"count":2,"self":0.0013549999999999999,"total":0.0013549999999999999,"children":null},"InitializeSensors":{"count":2,"self":0.009101999999999999,"total":0.009101999999999999,"children":null},"AgentSendState":{"count":36064,"self":7.3402519999999996,"total":9.8189149999999987,"children":{"CollectObservations":{"count":14424,"self":0.012610999999999999,"total":0.012610999999999999,"children":null},"WriteActionMask":{"count":14424,"self":0.0065829999999999994,"total":0.0065829999999999994,"children":null},"RequestDecision":{"count":14424,"self":1.402304,"total":2.459469,"children":{"CameraSensor.GetCompressedObservation":{"count":14424,"self":1.057165,"total":1.057165,"children":null}}}}},"DecideAction":{"count":36064,"self":0.038671,"total":0.038671,"children":null},"AgentAct":{"count":36064,"self":0.041219,"total":0.042253,"children":{"CameraSensor.GetCompressedObservation":{"count":14,"self":0.001034,"total":0.001034,"children":null}}}},"gauges":{"HeroBrain.CumulativeReward":{"count":7,"max":-49.9976158,"min":-49.9976158,"runningAverage":-49.9976158,"value":-49.9976158,"weightedAverage":-49.9976158},"BossBrain.CumulativeReward":{"count":7,"max":-49.9976158,"min":-49.9976158,"runningAverage":-49.9976158,"value":-49.9976158,"weightedAverage":-49.9976158}},"metadata":{"timer_format_version":"0.1.0","start_time_seconds":"1717105469","unity_version":"2022.3.19f1","command_line_arguments":"\/home\/bob\/Unity\/Hub\/Editor\/2022.3.19f1\/Editor\/Unity -projectpath \/home\/bob\/Uni\/Thesis\/RogueAI-like -useHub -hubIPC -cloudEnvironment production","communication_protocol_version":"1.5.0","com.unity.ml-agents_version":"3.0.0-exp.1","scene_name":"Training","end_time_seconds":"1717105482"}}