{"count":1,"self":28.446588799999997,"total":28.886917999999998,"children":{"InitializeActuators":{"count":1,"self":0.001292,"total":0.001292,"children":null},"InitializeSensors":{"count":1,"self":0.0040089999999999995,"total":0.0040089999999999995,"children":null},"AgentSendState":{"count":1364,"self":0.39041,"total":0.423846,"children":{"CollectObservations":{"count":272,"self":0.0010739999999999999,"total":0.0010739999999999999,"children":null},"WriteActionMask":{"count":272,"self":0.00086,"total":0.00086,"children":null},"RequestDecision":{"count":272,"self":0.0024259999999999998,"total":0.031501999999999995,"children":{"CameraSensor.GetCompressedObservation":{"count":272,"self":0.029075999999999998,"total":0.029075999999999998,"children":null}}}}},"DecideAction":{"count":1364,"self":0.00635,"total":0.00635,"children":null},"AgentAct":{"count":1364,"self":0.0044259999999999994,"total":0.0044259999999999994,"children":null}},"gauges":{},"metadata":{"timer_format_version":"0.1.0","start_time_seconds":"1714661338","unity_version":"2022.3.19f1","command_line_arguments":"\/home\/bob\/Unity\/Hub\/Editor\/2022.3.19f1\/Editor\/Unity -projectpath \/home\/bob\/Uni\/Thesis\/RogueAI-like -useHub -hubIPC -cloudEnvironment production","communication_protocol_version":"1.5.0","com.unity.ml-agents_version":"3.0.0-exp.1","scene_name":"Training","end_time_seconds":"1714661367"}}