{"count":1,"self":3.4996099999999997,"total":27.52367,"children":{"InitializeActuators":{"count":1,"self":0.001795,"total":0.001795,"children":null},"InitializeSensors":{"count":1,"self":0.0043279999999999994,"total":0.0043279999999999994,"children":null},"AgentSendState":{"count":23667,"self":4.1913728,"total":4.902775,"children":{"CollectObservations":{"count":4733,"self":0.0077339999999999996,"total":0.0077339999999999996,"children":null},"WriteActionMask":{"count":4733,"self":0.004184,"total":0.004184,"children":null},"RequestDecision":{"count":4733,"self":0.023839,"total":0.699484,"children":{"AgentInfo.ToProto":{"count":4733,"self":0.020909,"total":0.67564499999999994,"children":{"GenerateSensorData":{"count":4733,"self":0.085631,"total":0.654736,"children":{"CameraSensor.GetCompressedObservation":{"count":4733,"self":0.569105,"total":0.569105,"children":null}}}}}}}}},"DecideAction":{"count":23667,"self":19.042371199999998,"total":19.042371,"children":null},"AgentAct":{"count":23667,"self":0.071012999999999993,"total":0.071440999999999991,"children":{"AgentInfo.ToProto":{"count":3,"self":1.7E-05,"total":0.000428,"children":{"GenerateSensorData":{"count":3,"self":3.9999999999999996E-05,"total":0.00041099999999999996,"children":{"CameraSensor.GetCompressedObservation":{"count":3,"self":0.00037099999999999996,"total":0.00037099999999999996,"children":null}}}}}}},"AgentInfo.ToProto":{"count":5,"self":2.8E-05,"total":0.00061699999999999993,"children":{"GenerateSensorData":{"count":5,"self":6.5999999999999992E-05,"total":0.000589,"children":{"CameraSensor.GetCompressedObservation":{"count":5,"self":0.000523,"total":0.000523,"children":null}}}}}},"gauges":{"HeroBrain.CumulativeReward":{"count":8,"max":71.08848,"min":-294.609772,"runningAverage":-160.9065,"value":-287.21994,"weightedAverage":-165.537216}},"metadata":{"timer_format_version":"0.1.0","start_time_seconds":"1716362723","unity_version":"2022.3.19f1","command_line_arguments":"\/home\/bob\/Unity\/Hub\/Editor\/2022.3.19f1\/Editor\/Unity -projectpath \/home\/bob\/Uni\/Thesis\/RogueAI-like -useHub -hubIPC -cloudEnvironment production","communication_protocol_version":"1.5.0","com.unity.ml-agents_version":"3.0.0-exp.1","scene_name":"Training","end_time_seconds":"1716362750"}}